<?xml version="1.0"?>
<!--<!DOCTYPE metadata SYSTEM "http://www.esri.com/metadata/esriprof80.dtd">-->
<metadata xml:lang="en"><Esri><CreaDate>20070219</CreaDate><CreaTime>15562600</CreaTime><SyncOnce>TRUE</SyncOnce><MetaID>{AC8B967B-1F2E-495D-8B5E-607EDAA25837}</MetaID></Esri><idinfo><citation><citeinfo><onlink Sync="TRUE">\\SDRN095\DSMW\Vector\working\test</onlink></citeinfo></citation></idinfo><distInfo><distributor><distorTran><onLineSrc><linkage Sync="TRUE">file://\\SDRN095\DSMW\Vector\working\test</linkage><protocol Sync="TRUE">Local Area Network</protocol></onLineSrc></distorTran></distributor></distInfo><dataqual><lineage><procstep><procdesc Sync="TRUE">Dataset copied.</procdesc><srcused Sync="TRUE">d:\users\emily\data\dsmw\vector\digitalsoil3</srcused><date Sync="TRUE">20070202</date><time Sync="TRUE">10150100</time></procstep><procstep><procdesc Sync="TRUE">Dataset copied.</procdesc><srcused Sync="TRUE"></srcused><date Sync="TRUE">20070219</date><time Sync="TRUE">15161200</time></procstep><procstep><procdesc Sync="TRUE">Dataset copied.</procdesc><srcused Sync="TRUE">D:\users\Emily\data\DSMW\Vector\test\test</srcused><date Sync="TRUE">20070219</date><time Sync="TRUE">15562600</time></procstep></lineage></dataqual></metadata>
